URL,Label
http://192.168.0.1/secure/login.php,1
https://www.paypaI.com/signin,1
http://secure-update.apple.com.login-verify-account.info/,1
https://bank-of-america-secure-login.com,1
https://crypto-wallet-verify.net/seed,1
http://login.microsoft.com@10.0.0.1/,1
http://www.google.com@10.1.1.1/,1
http://secure-update-account-verification.com,1
http://binance-crypto-secure-login.com,1
http://www.paypal.com.cgi-bin.webscr.cmd-login.submit.info/,1
http://172.16.254.1/banco/acesso,1
https://itau-seguranca-online-2026.com.br,1
http://bradesco.com.br.atualizacao-cadastral.net,1
https://nubank-pay-fatura.com,1
http://support.apple.com-macbook-alert.net,1
http://0x58.0xAA.0x11.0x01/login,1
https://amazon-aws-billing-update.com,1
http://netflix-subscription-cancel-warning.com,1
https://www.g00gle.com/search,1
http://yahoo.com-login-password-reset.info,1
https://blockchain-crypto-wallet-auth.com,1
http://10.20.30.40/wordpress/wp-admin/upgrade.php,1
https://mercadolivre-promocao-exclusiva.net,1
http://caixa.gov.br.saque-fgts-emergencial.com,1
https://santander-internet-banking-token.com,1
http://www.facebook.com.profile.login.confirm.xyz,1
https://instagram-verified-badge-apply.com,1
http://twitter-support-dm-violation.net,1
https://linkedin-job-offer-crypto.com,1
http://whatsapp-web-sync-device.info,1
https://telegram-premium-free-gift.com,1
http://discord-nitro-free-claim-now.xyz,1
https://steam-community-trade-offer-error.com,1
http://epicgames-vbucks-generator-2026.net,1
https://roblox-robux-free-hack.com,1
http://minecraft-premium-account-free.xyz,1
https://spotify-premium-billing-failed.com,1
http://youtube-monetization-suspend-appeal.net,1
https://tiktok-creator-fund-tax-info.com,1
http://gov.br.receita-federal-malha-fina.com,1
https://correios-taxa-alfandega-pagamento.net,1
http://detran-multa-vencida-desconto.com,1
https://nubank-aumento-limite-pre-aprovado.xyz,1
http://banco-inter-atualizar-app.net,1
https://c6bank-carbon-invite-only.com,1
http://picpay-cashback-resgatar-agora.com,1
https://pagseguro-conta-bloqueada-verificar.net,1
http://mercadopago-transacao-suspeita.com,1
https://paypal-resolution-center-case-id.xyz,1
http://binance-kyc-verification-required.net,1
https://coinbase-crypto-withdraw-limit.com,1
http://metamask-wallet-connect-seed-phrase.com,1
https://trustwallet-secure-node-sync.net,1
http://pancakeswap-airdrop-claim-token.xyz,1
https://uniswap-v3-liquidity-pool-error.com,1
http://opensea-nft-offer-received.net,1
https://apple-id-locked-verify-identity.com,1
http://icloud-storage-full-upgrade-now.xyz,1
https://microsoft-office365-password-expire.net,1
http://outlook-mailbox-quota-exceeded.com,1
https://gmail-account-security-alert-sign-in.com,1
http://yahoo-mail-recovery-options.net,1
https://dropbox-file-shared-with-you.xyz,1
http://google-drive-document-view-secure.com,1
https://onedrive-shared-folder-access.net,1
http://zoom-meeting-invite-passcode-required.com,1
https://teams-microsoft-missed-voicemail.xyz,1
http://slack-workspace-invitation-link.net,1
https://trello-board-collaboration-invite.com,1
http://asana-task-assigned-to-you-urgent.com,1
https://jira-atlassian-ticket-update.net,1
http://github-account-compromised-change-password.xyz,1
https://gitlab-ci-cd-pipeline-failed-log.com,1
http://bitbucket-repository-access-revoked.net,1
https://aws-amazon-root-account-suspend.com,1
http://azure-microsoft-subscription-billing.xyz,1
https://gcp-google-cloud-project-warning.net,1
http://digitalocean-droplet-abuse-report.com,1
https://cloudflare-ddos-protection-bypass.com,1
http://cpanel-webmail-login-timeout.net,1
https://wordpress-admin-dashboard-update-plugin.xyz,1
http://shopify-store-deactivated-appeal.com,1
https://magento-admin-security-patch-required.net,1
http://wix-website-domain-renewal.com,1
https://squarespace-billing-payment-method.xyz,1
http://godaddy-domain-suspended-icann.net,1
https://namecheap-ssl-certificate-expired.com,1
http://hostgator-hosting-account-suspend.com,1
https://bluehost-cpanel-verification.net,1
http://mailchimp-campaign-bounced-review.xyz,1
https://hubspot-crm-integration-error.com,1
http://salesforce-login-unauthorized-access.net,1
https://zendesk-support-ticket-closed.com,1
http://freshdesk-customer-reply-waiting.com,1
https://docusign-electronic-signature-required.net,1
http://adobe-creative-cloud-subscription-end.xyz,1
https://canva-pro-team-invite-accept.com,1
http://figma-design-file-comment-mention.net,1
https://notion-workspace-page-shared.com,1
http://evernote-premium-upgrade-promo.xyz,1
https://www.google.com/,0
https://www.youtube.com/,0
https://www.facebook.com/,0
https://www.wikipedia.org/,0
https://www.amazon.com/,0
https://www.twitter.com/,0
https://www.instagram.com/,0
https://www.linkedin.com/,0
https://www.netflix.com/,0
https://www.apple.com/,0
https://www.microsoft.com/,0
https://www.github.com/,0
https://www.stackoverflow.com/,0
https://www.reddit.com/,0
https://www.twitch.tv/,0
https://www.spotify.com/,0
https://www.yahoo.com/,0
https://www.bing.com/,0
https://www.live.com/,0
https://www.office.com/,0
https://www.zoom.us/,0
https://www.dropbox.com/,0
https://www.salesforce.com/,0
https://www.adobe.com/,0
https://www.canva.com/,0
https://www.whatsapp.com/,0
https://www.telegram.org/,0
https://www.discord.com/,0
https://www.slack.com/,0
https://www.trello.com/,0
https://www.asana.com/,0
https://www.atlassian.com/,0
https://www.aws.amazon.com/,0
https://www.azure.microsoft.com/,0
https://www.cloud.google.com/,0
https://www.digitalocean.com/,0
https://www.cloudflare.com/,0
https://www.wordpress.org/,0
https://www.shopify.com/,0
https://www.wix.com/,0
https://www.squarespace.com/,0
https://www.godaddy.com/,0
https://www.namecheap.com/,0
https://www.mailchimp.com/,0
https://www.hubspot.com/,0
https://www.zendesk.com/,0
https://www.docusign.com/,0
https://www.figma.com/,0
https://www.notion.so/,0
https://www.evernote.com/,0
https://www.nytimes.com/,0
https://www.cnn.com/,0
https://www.bbc.com/,0
https://www.theguardian.com/,0
https://www.wsj.com/,0
https://www.forbes.com/,0
https://www.bloomberg.com/,0
https://www.reuters.com/,0
https://www.cnbc.com/,0
https://www.techcrunch.com/,0
https://www.wired.com/,0
https://www.theverge.com/,0
https://www.engadget.com/,0
https://www.cnet.com/,0
https://www.arstechnica.com/,0
https://www.gizmodo.com/,0
https://www.mashable.com/,0
https://www.businessinsider.com/,0
https://www.hbr.org/,0
https://www.economist.com/,0
https://www.nationalgeographic.com/,0
https://www.discovery.com/,0
https://www.history.com/,0
https://www.nasa.gov/,0
https://www.who.int/,0
https://www.un.org/,0
https://www.worldbank.org/,0
https://www.imf.org/,0
https://www.weforum.org/,0
https://www.oecd.org/,0
https://www.mit.edu/,0
https://www.stanford.edu/,0
https://www.harvard.edu/,0
https://www.ox.ac.uk/,0
https://www.cam.ac.uk/,0
https://www.coursera.org/,0
https://www.edx.org/,0
https://www.udemy.com/,0
https://www.khanacademy.org/,0
https://www.codecademy.com/,0
https://www.freecodecamp.org/,0
https://www.medium.com/,0
https://www.quora.com/,0
https://www.pinterest.com/,0
https://www.tumblr.com/,0
https://www.flickr.com/,0
https://www.vimeo.com/,0
https://www.dailymotion.com/,0
https://www.imdb.com/,0
https://www.rottentomatoes.com/,0
https://www.google.com/search?q=machine+learning+tutorial,0
http://192.168.1.100/admin/dashboard.php?session=invalid,1
https://github.com/torvalds/linux/commits/master,0
http://secure-paypal-login-update.com/verify?token=eyJhbGciOiJIUzI1NiIsInR,1
https://aws.amazon.com/pt/ec2/pricing/?mode=annual,0
http://10.0.0.5/login?redirect=http://malicious-site.xyz/auth,1
https://stackoverflow.com/questions/12345/how-to-exit-vim,0
http://apple-id-locked-support.info/account/recover?id=1' OR '1'='1,1
https://www.wikipedia.org/wiki/Phishing_attack,0
http://0x7f.0x00.0x00.0x01/path/to/shell.php?cmd=ls%20-la,1
https://developer.mozilla.org/en-US/docs/Web/HTTP,0
http://banco-do-brasil-seguranca.net/atualizar?user=<script>alert(1)</script>,1
https://www.microsoft.com/en-us/windows/get-windows-11,0
http://netflix-subscription-cancel.xyz/billing?card=update,1
https://www.linkedin.com/in/john-doe-123456/,0
http://172.16.254.1/api/v1/user?file=../../../../etc/passwd,1
https://medium.com/@user/article-title-here-123,0
http://facebook-security-check.com/confirm?code=PHNjcmlwdD5hbGVydCgxKTwvc2NyaXB0Pg==,1
https://twitter.com/search?q=cybersecurity&src=typed_query,0
http://instagram-verified-badge.info/apply?username=admin&password=admin,1
https://www.amazon.com/s?k=laptop+stand&crid=123,0
http://c6bank-carbon-invite.net/vip/%00/config.php,1
https://www.reddit.com/r/learnpython/comments/abcde/help_with_pandas/,0
http://10.10.10.10/wordpress/wp-admin/admin-ajax.php?action=vuln,1
https://www.apple.com/shop/buy-iphone/iphone-14,0
http://itau-seguranca-ib.com.br/token/gerar?device=mobile,1
https://www.nytimes.com/section/technology,0
http://blockchain-wallet-auth-seed.com/import?phrase=,1
https://pypi.org/project/scikit-learn/#files,0
http://nubank-aumento-limite.xyz/solicitar?cpf=12345678900,1
https://www.bbc.com/news/technology-12345678,0
http://192.168.0.1/cgi-bin/test-cgi?user=admin,1
https://docs.docker.com/engine/reference/commandline/run/,0
http://binance-kyc-verify-urgent.net/upload?doc=id,1
https://www.twitch.tv/directory/category/software-and-game-development,0
http://caixa.gov.br.saque-fgts.info/consulta?nis=0000000,1
https://en.wikipedia.org/wiki/Decision_tree_learning,0
http://mercadolivre-promocao-iphone.xyz/checkout?item=99,1
https://www.cloudflare.com/learning/ddos/what-is-a-ddos-attack/,0
http://10.20.30.40/api/users?search=' UNION SELECT username password FROM users--,1
https://www.spotify.com/us/premium/,0
http://whatsapp-web-sync-device.info/qr?session=new,1
https://www.adobe.com/creativecloud/plans.html,0
http://discord-nitro-free-claim.xyz/gift?code=123456,1
https://www.salesforce.com/products/crm/overview/,0
http://steam-community-trade-offer.net/item?id=999,1
https://www.zoom.us/pricing,0
http://metamask-connect-wallet-secure.com/auth?dapp=uniswap,1
https://www.dropbox.com/business/pricing,0
http://epicgames-vbucks-generator.xyz/claim?user=player1,1
https://www.atlassian.com/software/jira,0
http://roblox-robux-free-hack.net/generate?amount=10000,1
https://www.canva.com/templates/,0
http://gov.br.receita-federal-malha-fina.info/consultar?cpf=000,1
https://www.slack.com/features,0
http://correios-taxa-alfandega-pagamento.xyz/rastreio?codigo=BR123456,1
https://www.trello.com/tour,0
http://detran-multa-vencida-desconto.net/boleto?placa=ABC1234,1
https://www.asana.com/product,0
http://picpay-cashback-resgatar.info/promo?id=100,1
https://www.hubspot.com/pricing/marketing,0
http://pagseguro-conta-bloqueada.xyz/desbloqueio?token=123,1
https://www.zendesk.com/service/pricing/,0
http://mercadopago-transacao-suspeita.net/cancelar?id=999,1
https://www.docusign.com/products/electronic-signature,0
http://coinbase-crypto-withdraw.info/auth?tx=failed,1
https://www.figma.com/pricing/,0
http://trustwallet-secure-node.xyz/sync?network=eth,1
https://www.notion.so/pricing,0
http://pancakeswap-airdrop-claim.net/token?address=0x0,1
https://www.evernote.com/compare-plans,0
http://uniswap-v3-liquidity-pool.info/error?tx=0x123,1
https://www.coursera.org/browse/computer-science,0
http://opensea-nft-offer-received.xyz/view?id=888,1
https://www.edx.org/search?q=data+science,0
http://icloud-storage-full-upgrade.net/plan?user=apple,1
https://www.udemy.com/courses/development/,0
http://microsoft-office365-password.info/expire?email=user@domain.com,1
https://www.khanacademy.org/math,0
http://outlook-mailbox-quota-exceeded.xyz/upgrade?size=full,1
https://www.codecademy.com/catalog/language/python,0
http://gmail-account-security-alert.net/sign-in?activity=suspicious,1
https://www.freecodecamp.org/learn,0
http://yahoo-mail-recovery-options.info/verify?phone=unknown,1
https://www.cnn.com/world,0
http://dropbox-file-shared-with-you.xyz/view?doc=invoice.pdf,1
https://www.bbc.com/news,0
http://google-drive-document-view.net/secure?id=12345,1
https://www.theguardian.com/international,0
http://onedrive-shared-folder-access.info/open?user=admin,1
https://www.wsj.com/,0
http://zoom-meeting-invite-passcode.xyz/join?id=999999999,1
https://www.forbes.com/business/,0
http://teams-microsoft-missed-voicemail.net/listen?msg=1,1
https://www.bloomberg.com/markets,0
http://slack-workspace-invitation.info/accept?token=abc,1
https://www.reuters.com/business/,0
http://trello-board-collaboration.xyz/invite?board=project,1
https://www.cnbc.com/markets/,0
http://asana-task-assigned-to-you.net/view?task=urgent,1
https://www.techcrunch.com/startups/,0
http://jira-atlassian-ticket-update.info/issue?id=PROJ-123,1
https://www.wired.com/category/security/,0
http://github-account-compromised.xyz/change-password?token=000,1
https://www.theverge.com/tech,0
http://gitlab-ci-cd-pipeline-failed.net/log?job=123,1
https://www.engadget.com/,0
http://bitbucket-repository-access.info/revoked?repo=main,1
https://www.cnet.com/tech/,0
http://aws-amazon-root-account.xyz/suspend?reason=billing,1
https://www.arstechnica.com/gadgets/,0
http://azure-microsoft-subscription.net/billing?status=overdue,1
https://www.gizmodo.com/,0
http://gcp-google-cloud-project.info/warning?quota=exceeded,1
https://www.mashable.com/tech/,0
http://digitalocean-droplet-abuse.xyz/report?ip=1.2.3.4,1
https://www.businessinsider.com/tech,0
http://cloudflare-ddos-protection.net/bypass?site=target,1
https://www.hbr.org/,0
http://cpanel-webmail-login.info/timeout?session=expired,1
https://www.economist.com/,0
http://wordpress-admin-dashboard.xyz/update-plugin?id=vuln,1
https://www.nationalgeographic.com/,0
http://shopify-store-deactivated.net/appeal?store=mystore,1
https://www.discovery.com/,0
http://magento-admin-security-patch.info/required?version=old,1
https://www.history.com/,0
http://wix-website-domain-renewal.xyz/pay?domain=mysite,1
https://www.nasa.gov/,0
http://squarespace-billing-payment.net/method?card=expired,1
https://www.who.int/,0
http://godaddy-domain-suspended.info/icann?verify=now,1
https://www.un.org/,0
http://namecheap-ssl-certificate.xyz/expired?domain=ssl,1
https://www.worldbank.org/,0
http://hostgator-hosting-account.net/suspend?reason=tos,1
https://www.imf.org/,0
http://bluehost-cpanel-verification.info/verify?user=admin,1
https://www.weforum.org/,0
http://mailchimp-campaign-bounced.xyz/review?list=1,1
https://www.oecd.org/,0
http://hubspot-crm-integration.net/error?api_key=exposed,1
https://www.mit.edu/,0
http://salesforce-login-unauthorized.info/access?ip=unknown,1
https://www.stanford.edu/,0
http://zendesk-support-ticket-closed.xyz/reopen?id=123,1
https://www.harvard.edu/,0
http://freshdesk-customer-reply.net/waiting?ticket=999,1